id,major_category,occupation,ai_opportunities,ai_readiness,notes
1,Management occupations,Chief executives,
2,Management occupations,General and operations managers,
3,Management occupations,Legislators,
4,Management occupations,Advertising and promotions managers,
5,Management occupations,Marketing managers,
6,Management occupations,Sales managers,
7,Management occupations,Public relations managers,
8,Management occupations,Fundraising managers,
9,Management occupations,Administrative services managers,
10,Management occupations,Facilities managers,
11,Management occupations,Computer and information systems managers,
12,Management occupations,Financial managers,
13,Management occupations,Industrial production managers,
14,Management occupations,Purchasing managers,
15,Management occupations,Transportation storage and distribution managers,
16,Management occupations,Compensation and benefits managers,
17,Management occupations,Human resources managers,
18,Management occupations,Training and development managers,
19,Management occupations,Farmers ranchers and other agricultural managers,
20,Management occupations,Construction managers,
21,Management occupations,Education and childcare administrators preschool and daycare,
22,Management occupations,Education administrators kindergarten through secondary,
23,Management occupations,Education administrators postsecondary,
24,Management occupations,Architectural and engineering managers,
25,Management occupations,Food service managers,
26,Management occupations,Gambling managers,
27,Management occupations,Entertainment and recreation managers except gambling,
28,Management occupations,Lodging managers,
29,Management occupations,Medical and health services managers,
30,Management occupations,Natural sciences managers,
31,Management occupations,Postmasters and mail superintendents,
32,Management occupations,Property real estate and community association managers,
33,Management occupations,Social and community service managers,
34,Management occupations,Emergency management directors,
35,Management occupations,Funeral home managers,
36,Management occupations,Personal service managers all other,
37,Management occupations,Managers all other,
38,Business and financial operations occupations,Agents and business managers of artists performers and athletes,
39,Business and financial operations occupations,Buyers and purchasing agents,
40,Business and financial operations occupations,Claims adjusters examiners and investigators,
41,Business and financial operations occupations,Insurance appraisers auto damage,
42,Business and financial operations occupations,Compliance officers,
43,Business and financial operations occupations,Cost estimators,
44,Business and financial operations occupations,Human resources specialists,
45,Business and financial operations occupations,Farm labor contractors,
46,Business and financial operations occupations,Labor relations specialists,
47,Business and financial operations occupations,Logisticians,
48,Business and financial operations occupations,Project management specialists,
49,Business and financial operations occupations,Management analysts,
50,Business and financial operations occupations,Meeting convention and event planners,
51,Business and financial operations occupations,Fundraisers,
52,Business and financial operations occupations,Compensation benefits and job analysis specialists,
53,Business and financial operations occupations,Training and development specialists,
54,Business and financial operations occupations,Market research analysts and marketing specialists,
55,Business and financial operations occupations,Business operations specialists all other,
56,Business and financial operations occupations,Accountants and auditors,
57,Business and financial operations occupations,Property appraisers and assessors,
58,Business and financial operations occupations,Budget analysts,
59,Business and financial operations occupations,Credit analysts,
60,Business and financial operations occupations,Financial and investment analysts,
61,Business and financial operations occupations,Personal financial advisors,
62,Business and financial operations occupations,Insurance underwriters,
63,Business and financial operations occupations,Financial risk specialists,
64,Business and financial operations occupations,Financial examiners,
65,Business and financial operations occupations,Credit counselors,
66,Business and financial operations occupations,Loan officers,
67,Business and financial operations occupations,Tax examiners and collectors and revenue agents,
68,Business and financial operations occupations,Tax preparers,
69,Business and financial operations occupations,Financial specialists all other,
70,Computer and mathematical occupations,Computer systems analysts,
71,Computer and mathematical occupations,Information security analysts,
72,Computer and mathematical occupations,Computer and information research scientists,
73,Computer and mathematical occupations,Computer network support specialists,
74,Computer and mathematical occupations,Computer user support specialists,
75,Computer and mathematical occupations,Computer network architects,
76,Computer and mathematical occupations,Database administrators,
77,Computer and mathematical occupations,Database architects,
78,Computer and mathematical occupations,Network and computer systems administrators,
79,Computer and mathematical occupations,Computer programmers,
80,Computer and mathematical occupations,Software developers,
81,Computer and mathematical occupations,Software quality assurance analysts and testers,
82,Computer and mathematical occupations,Web developers,
83,Computer and mathematical occupations,Web and digital interface designers,
84,Computer and mathematical occupations,Computer occupations all other,
85,Computer and mathematical occupations,Actuaries,
86,Computer and mathematical occupations,Mathematicians,
87,Computer and mathematical occupations,Operations research analysts,
88,Computer and mathematical occupations,Statisticians,
89,Computer and mathematical occupations,Data scientists,
90,Computer and mathematical occupations,Mathematical science occupations all other,
91,Architecture and engineering occupations,Architects except landscape and naval,
92,Architecture and engineering occupations,Landscape architects,
93,Architecture and engineering occupations,Cartographers and photogrammetrists,
94,Architecture and engineering occupations,Surveyors,
95,Architecture and engineering occupations,Aerospace engineers,
96,Architecture and engineering occupations,Agricultural engineers,
97,Architecture and engineering occupations,Bioengineers and biomedical engineers,
98,Architecture and engineering occupations,Chemical engineers,
99,Architecture and engineering occupations,Civil engineers,
100,Architecture and engineering occupations,Computer hardware engineers,
101,Architecture and engineering occupations,Electrical engineers,
102,Architecture and engineering occupations,Electronics engineers except computer,
103,Architecture and engineering occupations,Environmental engineers,
104,Architecture and engineering occupations,Health and safety engineers except mining safety engineers and inspectors,
105,Architecture and engineering occupations,Industrial engineers,
106,Architecture and engineering occupations,Marine engineers and naval architects,
107,Architecture and engineering occupations,Materials engineers,
108,Architecture and engineering occupations,Mechanical engineers,
109,Architecture and engineering occupations,Mining and geological engineers including mining safety engineers,
110,Architecture and engineering occupations,Nuclear engineers,
111,Architecture and engineering occupations,Petroleum engineers,
112,Architecture and engineering occupations,Engineers all other,
113,Architecture and engineering occupations,Architectural and civil drafters,
114,Architecture and engineering occupations,Electrical and electronics drafters,
115,Architecture and engineering occupations,Mechanical drafters,
116,Architecture and engineering occupations,Drafters all other,
117,Architecture and engineering occupations,Aerospace engineering and operations technologists and technicians,
118,Architecture and engineering occupations,Civil engineering technologists and technicians,
119,Architecture and engineering occupations,Electrical and electronic engineering technologists and technicians,
120,Architecture and engineering occupations,Electro-mechanical and mechatronics technologists and technicians,
121,Architecture and engineering occupations,Environmental engineering technologists and technicians,
122,Architecture and engineering occupations,Industrial engineering technologists and technicians,
123,Architecture and engineering occupations,Mechanical engineering technologists and technicians,
124,Architecture and engineering occupations,Calibration technologists and technicians,
125,Architecture and engineering occupations,Engineering technologists and technicians except drafters all other,
126,Architecture and engineering occupations,Surveying and mapping technicians,
127,Life physical and social science occupations,Animal scientists,
128,Life physical and social science occupations,Food scientists and technologists,
129,Life physical and social science occupations,Soil and plant scientists,
130,Life physical and social science occupations,Biochemists and biophysicists,
131,Life physical and social science occupations,Microbiologists,
132,Life physical and social science occupations,Zoologists and wildlife biologists,
133,Life physical and social science occupations,Biological scientists all other,
134,Life physical and social science occupations,Conservation scientists,
135,Life physical and social science occupations,Foresters,
136,Life physical and social science occupations,Epidemiologists,
137,Life physical and social science occupations,Medical scientists except epidemiologists,
138,Life physical and social science occupations,Life scientists all other,
139,Life physical and social science occupations,Astronomers,
140,Life physical and social science occupations,Physicists,
141,Life physical and social science occupations,Atmospheric and space scientists,
142,Life physical and social science occupations,Chemists,
143,Life physical and social science occupations,Materials scientists,
144,Life physical and social science occupations,Environmental scientists and specialists including health,
145,Life physical and social science occupations,Geoscientists except hydrologists and geographers,
146,Life physical and social science occupations,Hydrologists,
147,Life physical and social science occupations,Physical scientists all other,
148,Life physical and social science occupations,Economists,
149,Life physical and social science occupations,Survey researchers,
150,Life physical and social science occupations,Industrial-organizational psychologists,
151,Life physical and social science occupations,Clinical and counseling psychologists,
152,Life physical and social science occupations,School psychologists,
153,Life physical and social science occupations,Psychologists all other,
154,Life physical and social science occupations,Sociologists,
155,Life physical and social science occupations,Urban and regional planners,
156,Life physical and social science occupations,Anthropologists and archeologists,
157,Life physical and social science occupations,Geographers,
158,Life physical and social science occupations,Historians,
159,Life physical and social science occupations,Political scientists,
160,Life physical and social science occupations,Social scientists and related workers all other,
161,Life physical and social science occupations,Agricultural technicians,
162,Life physical and social science occupations,Food science technicians,
163,Life physical and social science occupations,Biological technicians,
164,Life physical and social science occupations,Chemical technicians,
165,Life physical and social science occupations,Environmental science and protection technicians including health,
166,Life physical and social science occupations,Geological technicians except hydrologic technicians,
167,Life physical and social science occupations,Hydrologic technicians,
168,Life physical and social science occupations,Nuclear technicians,
169,Life physical and social science occupations,Social science research assistants,
170,Life physical and social science occupations,Forest and conservation technicians,
171,Life physical and social science occupations,Forensic science technicians,
172,Life physical and social science occupations,Life physical and social science technicians all other,
173,Life physical and social science occupations,Occupational health and safety specialists,
174,Life physical and social science occupations,Occupational health and safety technicians,
175,Community and social service occupations,Educational guidance and career counselors and advisors,
176,Community and social service occupations,Marriage and family therapists,
177,Community and social service occupations,Rehabilitation counselors,
178,Community and social service occupations,Substance abuse behavioral disorder and mental health counselors,
179,Community and social service occupations,Counselors all other,
180,Community and social service occupations,Child family and school social workers,
181,Community and social service occupations,Healthcare social workers,
182,Community and social service occupations,Mental health and substance abuse social workers,
183,Community and social service occupations,Social workers all other,
184,Community and social service occupations,Health education specialists,
185,Community and social service occupations,Probation officers and correctional treatment specialists,
186,Community and social service occupations,Social and human service assistants,
187,Community and social service occupations,Community health workers,
188,Community and social service occupations,Community and social service specialists all other,
189,Community and social service occupations,Clergy,
190,Community and social service occupations,Directors religious activities and education,
191,Community and social service occupations,Religious workers all other,
192,Legal occupations,Lawyers,
193,Legal occupations,Judicial law clerks,
194,Legal occupations,Administrative law judges adjudicators and hearing officers,
195,Legal occupations,Arbitrators mediators and conciliators,
196,Legal occupations,Judges magistrate judges and magistrates,
197,Legal occupations,Paralegals and legal assistants,
198,Legal occupations,Title examiners abstractors and searchers,
199,Legal occupations,Legal support workers all other,
200,Educational instruction and library occupations,Business teachers postsecondary,
201,Educational instruction and library occupations,Computer science teachers postsecondary,
202,Educational instruction and library occupations,Mathematical science teachers postsecondary,
203,Educational instruction and library occupations,Architecture teachers postsecondary,
204,Educational instruction and library occupations,Engineering teachers postsecondary,
205,Educational instruction and library occupations,Agricultural sciences teachers postsecondary,
206,Educational instruction and library occupations,Biological science teachers postsecondary,
207,Educational instruction and library occupations,Forestry and conservation science teachers postsecondary,
208,Educational instruction and library occupations,Atmospheric earth marine and space sciences teachers postsecondary,
209,Educational instruction and library occupations,Chemistry teachers postsecondary,
210,Educational instruction and library occupations,Environmental science teachers postsecondary,
211,Educational instruction and library occupations,Physics teachers postsecondary,
212,Educational instruction and library occupations,Anthropology and archeology teachers postsecondary,
213,Educational instruction and library occupations,Area ethnic and cultural studies teachers postsecondary,
214,Educational instruction and library occupations,Economics teachers postsecondary,
215,Educational instruction and library occupations,Geography teachers postsecondary,
216,Educational instruction and library occupations,Political science teachers postsecondary,
217,Educational instruction and library occupations,Psychology teachers postsecondary,
218,Educational instruction and library occupations,Sociology teachers postsecondary,
219,Educational instruction and library occupations,Social sciences teachers postsecondary all other,
220,Educational instruction and library occupations,Health specialties teachers postsecondary,
221,Educational instruction and library occupations,Nursing instructors and teachers postsecondary,
222,Educational instruction and library occupations,Education teachers postsecondary,
223,Educational instruction and library occupations,Library science teachers postsecondary,
224,Educational instruction and library occupations,Criminal justice and law enforcement teachers postsecondary,
225,Educational instruction and library occupations,Law teachers postsecondary,
226,Educational instruction and library occupations,Social work teachers postsecondary,
227,Educational instruction and library occupations,Art drama and music teachers postsecondary,
228,Educational instruction and library occupations,Communications teachers postsecondary,
229,Educational instruction and library occupations,English language and literature teachers postsecondary,
230,Educational instruction and library occupations,Foreign language and literature teachers postsecondary,
231,Educational instruction and library occupations,History teachers postsecondary,
232,Educational instruction and library occupations,Philosophy and religion teachers postsecondary,
233,Educational instruction and library occupations,Family and consumer sciences teachers postsecondary,
234,Educational instruction and library occupations,Recreation and fitness studies teachers postsecondary,
235,Educational instruction and library occupations,Career/technical education teachers postsecondary,
236,Educational instruction and library occupations,Postsecondary teachers all other,
237,Educational instruction and library occupations,Preschool teachers except special education,
238,Educational instruction and library occupations,Kindergarten teachers except special education,
239,Educational instruction and library occupations,Elementary school teachers except special education,
240,Educational instruction and library occupations,Middle school teachers except special and career/technical education,
241,Educational instruction and library occupations,Career/technical education teachers middle school,
242,Educational instruction and library occupations,Secondary school teachers except special and career/technical education,
243,Educational instruction and library occupations,Career/technical education teachers secondary school,
244,Educational instruction and library occupations,Special education teachers preschool,
245,Educational instruction and library occupations,Special education teachers kindergarten and elementary school,
246,Educational instruction and library occupations,Special education teachers middle school,
247,Educational instruction and library occupations,Special education teachers secondary school,
248,Educational instruction and library occupations,Special education teachers all other,
249,Educational instruction and library occupations,Adult basic education adult secondary education and English as a second language instructors,
250,Educational instruction and library occupations,Self-enrichment teachers,
251,Educational instruction and library occupations,Substitute teachers short-term,
252,Educational instruction and library occupations,Tutors,
253,Educational instruction and library occupations,Teachers and instructors all other,
254,Educational instruction and library occupations,Archivists,
255,Educational instruction and library occupations,Curators,
256,Educational instruction and library occupations,Museum technicians and conservators,
257,Educational instruction and library occupations,Librarians and media collections specialists,
258,Educational instruction and library occupations,Library technicians,
259,Educational instruction and library occupations,Farm and home management educators,
260,Educational instruction and library occupations,Instructional coordinators,
261,Educational instruction and library occupations,Teaching assistants postsecondary,
262,Educational instruction and library occupations,Teaching assistants except postsecondary,
263,Educational instruction and library occupations,Educational instruction and library workers all other,
264,Arts design entertainment sports and media occupations,Art directors,
265,Arts design entertainment sports and media occupations,Craft artists,
266,Arts design entertainment sports and media occupations,Fine artists including painters sculptors and illustrators,
267,Arts design entertainment sports and media occupations,Special effects artists and animators,
268,Arts design entertainment sports and media occupations,Artists and related workers all other,
269,Arts design entertainment sports and media occupations,Commercial and industrial designers,
270,Arts design entertainment sports and media occupations,Fashion designers,
271,Arts design entertainment sports and media occupations,Floral designers,
272,Arts design entertainment sports and media occupations,Graphic designers,
273,Arts design entertainment sports and media occupations,Interior designers,
274,Arts design entertainment sports and media occupations,Merchandise displayers and window trimmers,
275,Arts design entertainment sports and media occupations,Set and exhibit designers,
276,Arts design entertainment sports and media occupations,Designers all other,
277,Arts design entertainment sports and media occupations,Actors,
278,Arts design entertainment sports and media occupations,Producers and directors,
279,Arts design entertainment sports and media occupations,Athletes and sports competitors,
280,Arts design entertainment sports and media occupations,Coaches and scouts,
281,Arts design entertainment sports and media occupations,Umpires referees and other sports officials,
282,Arts design entertainment sports and media occupations,Dancers,
283,Arts design entertainment sports and media occupations,Choreographers,
284,Arts design entertainment sports and media occupations,Music directors and composers,
285,Arts design entertainment sports and media occupations,Musicians and singers,
286,Arts design entertainment sports and media occupations,Disc jockeys except radio,
287,Arts design entertainment sports and media occupations,Entertainers and performers sports and related workers all other,
288,Arts design entertainment sports and media occupations,Broadcast announcers and radio disc jockeys,
289,Arts design entertainment sports and media occupations,News analysts reporters and journalists,
290,Arts design entertainment sports and media occupations,Public relations specialists,
291,Arts design entertainment sports and media occupations,Editors,
292,Arts design entertainment sports and media occupations,Technical writers,
293,Arts design entertainment sports and media occupations,Writers and authors,
294,Arts design entertainment sports and media occupations,Interpreters and translators,
295,Arts design entertainment sports and media occupations,Court reporters and simultaneous captioners,
296,Arts design entertainment sports and media occupations,Media and communication workers all other,
297,Arts design entertainment sports and media occupations,Audio and video technicians,
298,Arts design entertainment sports and media occupations,Broadcast technicians,
299,Arts design entertainment sports and media occupations,Sound engineering technicians,
300,Arts design entertainment sports and media occupations,Lighting technicians,
301,Arts design entertainment sports and media occupations,Photographers,
302,Arts design entertainment sports and media occupations,Camera operators television video and film,
303,Arts design entertainment sports and media occupations,Film and video editors,
304,Arts design entertainment sports and media occupations,Media and communication equipment workers all other,
305,Healthcare practitioners and technical occupations,Chiropractors,
306,Healthcare practitioners and technical occupations,Dentists general,
307,Healthcare practitioners and technical occupations,Oral and maxillofacial surgeons,
308,Healthcare practitioners and technical occupations,Orthodontists,
309,Healthcare practitioners and technical occupations,Prosthodontists,
310,Healthcare practitioners and technical occupations,Dentists all other specialists,
311,Healthcare practitioners and technical occupations,Dietitians and nutritionists,
312,Healthcare practitioners and technical occupations,Optometrists,
313,Healthcare practitioners and technical occupations,Pharmacists,
314,Healthcare practitioners and technical occupations,Physician assistants,
315,Healthcare practitioners and technical occupations,Podiatrists,
316,Healthcare practitioners and technical occupations,Occupational therapists,
317,Healthcare practitioners and technical occupations,Physical therapists,
318,Healthcare practitioners and technical occupations,Radiation therapists,
319,Healthcare practitioners and technical occupations,Recreational therapists,
320,Healthcare practitioners and technical occupations,Respiratory therapists,
321,Healthcare practitioners and technical occupations,Speech-language pathologists,
322,Healthcare practitioners and technical occupations,Exercise physiologists,
323,Healthcare practitioners and technical occupations,Therapists all other,
324,Healthcare practitioners and technical occupations,Veterinarians,
325,Healthcare practitioners and technical occupations,Registered nurses,
326,Healthcare practitioners and technical occupations,Nurse anesthetists,
327,Healthcare practitioners and technical occupations,Nurse midwives,
328,Healthcare practitioners and technical occupations,Nurse practitioners,
329,Healthcare practitioners and technical occupations,Audiologists,
330,Healthcare practitioners and technical occupations,Anesthesiologists,
331,Healthcare practitioners and technical occupations,Cardiologists,
332,Healthcare practitioners and technical occupations,Dermatologists,
333,Healthcare practitioners and technical occupations,Emergency medicine physicians,
334,Healthcare practitioners and technical occupations,Family medicine physicians,
335,Healthcare practitioners and technical occupations,General internal medicine physicians,
336,Healthcare practitioners and technical occupations,Neurologists,
337,Healthcare practitioners and technical occupations,Obstetricians and gynecologists,
338,Healthcare practitioners and technical occupations,Pediatricians general,
339,Healthcare practitioners and technical occupations,Physicians pathologists,
340,Healthcare practitioners and technical occupations,Psychiatrists,
341,Healthcare practitioners and technical occupations,Radiologists,
342,Healthcare practitioners and technical occupations,Surgeons,
343,Healthcare practitioners and technical occupations,Physicians all other,
344,Healthcare practitioners and technical occupations,Acupuncturists,
345,Healthcare practitioners and technical occupations,Dental hygienists,
346,Healthcare practitioners and technical occupations,Healthcare diagnosing or treating practitioners all other,
347,Healthcare practitioners and technical occupations,Clinical laboratory technologists and technicians,
348,Healthcare practitioners and technical occupations,Cardiovascular technologists and technicians,
349,Healthcare practitioners and technical occupations,Diagnostic medical sonographers,
350,Healthcare practitioners and technical occupations,Nuclear medicine technologists,
351,Healthcare practitioners and technical occupations,Radiologic technologists and technicians,
352,Healthcare practitioners and technical occupations,Magnetic resonance imaging technologists,
353,Healthcare practitioners and technical occupations,Medical dosimetrists,
354,Healthcare practitioners and technical occupations,Emergency medical technicians,
355,Healthcare practitioners and technical occupations,Paramedics,
356,Healthcare practitioners and technical occupations,Dietetic technicians,
357,Healthcare practitioners and technical occupations,Pharmacy technicians,
358,Healthcare practitioners and technical occupations,Psychiatric technicians,
359,Healthcare practitioners and technical occupations,Surgical technologists,
360,Healthcare practitioners and technical occupations,Veterinary technologists and technicians,
361,Healthcare practitioners and technical occupations,Ophthalmic medical technicians,
362,Healthcare practitioners and technical occupations,Licensed practical and licensed vocational nurses,
363,Healthcare practitioners and technical occupations,Medical records specialists,
364,Healthcare practitioners and technical occupations,Opticians dispensing,
365,Healthcare practitioners and technical occupations,Orthotists and prosthetists,
366,Healthcare practitioners and technical occupations,Hearing aid specialists,
367,Healthcare practitioners and technical occupations,Health technologists and technicians all other,
368,Healthcare practitioners and technical occupations,Health information technologists and medical registrars,
369,Healthcare practitioners and technical occupations,Athletic trainers,
370,Healthcare practitioners and technical occupations,Genetic counselors,
371,Healthcare practitioners and technical occupations,Surgical assistants,
372,Healthcare practitioners and technical occupations,Healthcare practitioners and technical workers all other,
373,Healthcare support occupations,Home health and personal care aides,
374,Healthcare support occupations,Nursing assistants,
375,Healthcare support occupations,Orderlies,
376,Healthcare support occupations,Psychiatric aides,
377,Healthcare support occupations,Occupational therapy assistants,
378,Healthcare support occupations,Occupational therapy aides,
379,Healthcare support occupations,Physical therapist assistants,
380,Healthcare support occupations,Physical therapist aides,
381,Healthcare support occupations,Massage therapists,
382,Healthcare support occupations,Dental assistants,
383,Healthcare support occupations,Medical assistants,
384,Healthcare support occupations,Medical equipment preparers,
385,Healthcare support occupations,Medical transcriptionists,
386,Healthcare support occupations,Pharmacy aides,
387,Healthcare support occupations,Veterinary assistants and laboratory animal caretakers,
388,Healthcare support occupations,Phlebotomists,
389,Healthcare support occupations,Healthcare support workers all other,
390,Protective service occupations,First-line supervisors of correctional officers,
391,Protective service occupations,First-line supervisors of police and detectives,
392,Protective service occupations,First-line supervisors of firefighting and prevention workers,
393,Protective service occupations,First-line supervisors of security workers,
394,Protective service occupations,First-line supervisors of protective service workers all other,
395,Protective service occupations,Firefighters,
396,Protective service occupations,Fire inspectors and investigators,
397,Protective service occupations,Forest fire inspectors and prevention specialists,
398,Protective service occupations,Bailiffs,
399,Protective service occupations,Correctional officers and jailers,
400,Protective service occupations,Detectives and criminal investigators,
401,Protective service occupations,Fish and game wardens,
402,Protective service occupations,Parking enforcement workers,
403,Protective service occupations,Police and sheriff's patrol officers,
404,Protective service occupations,Transit and railroad police,
405,Protective service occupations,Animal control workers,
406,Protective service occupations,Private detectives and investigators,
407,Protective service occupations,Gambling surveillance officers and gambling investigators,
408,Protective service occupations,Security guards,
409,Protective service occupations,Crossing guards and flaggers,
410,Protective service occupations,Lifeguards ski patrol and other recreational protective service workers,
411,Protective service occupations,Transportation security screeners,
412,Protective service occupations,School bus monitors,
413,Protective service occupations,Protective service workers all other,
414,Food preparation and serving related occupations,Chefs and head cooks,
415,Food preparation and serving related occupations,First-line supervisors of food preparation and serving workers,
416,Food preparation and serving related occupations,Cooks fast food,
417,Food preparation and serving related occupations,Cooks institution and cafeteria,
418,Food preparation and serving related occupations,Cooks private household,
419,Food preparation and serving related occupations,Cooks restaurant,
420,Food preparation and serving related occupations,Cooks short order,
421,Food preparation and serving related occupations,Cooks all other,
422,Food preparation and serving related occupations,Food preparation workers,
423,Food preparation and serving related occupations,Bartenders,
424,Food preparation and serving related occupations,Fast food and counter workers,
425,Food preparation and serving related occupations,Waiters and waitresses,
426,Food preparation and serving related occupations,Food servers nonrestaurant,
427,Food preparation and serving related occupations,Dining room and cafeteria attendants and bartender helpers,
428,Food preparation and serving related occupations,Dishwashers,
429,Food preparation and serving related occupations,Hosts and hostesses restaurant lounge and coffee shop,
430,Food preparation and serving related occupations,Food preparation and serving related workers all other,
431,Building and grounds cleaning and maintenance occupations,First-line supervisors of housekeeping and janitorial workers,
432,Building and grounds cleaning and maintenance occupations,First-line supervisors of landscaping lawn service and groundskeeping workers,
433,Building and grounds cleaning and maintenance occupations,Janitors and cleaners except maids and housekeeping cleaners,
434,Building and grounds cleaning and maintenance occupations,Maids and housekeeping cleaners,
435,Building and grounds cleaning and maintenance occupations,Building cleaning workers all other,
436,Building and grounds cleaning and maintenance occupations,Pest control workers,
437,Building and grounds cleaning and maintenance occupations,Landscaping and groundskeeping workers,
438,Building and grounds cleaning and maintenance occupations,Pesticide handlers sprayers and applicators vegetation,
439,Building and grounds cleaning and maintenance occupations,Tree trimmers and pruners,
440,Building and grounds cleaning and maintenance occupations,Grounds maintenance workers all other,
441,Personal care and service occupations,First-line supervisors of entertainment and recreation workers,
442,Personal care and service occupations,First-line supervisors of gambling services workers,
443,Personal care and service occupations,First-line supervisors of personal service workers,
444,Personal care and service occupations,Animal trainers,
445,Personal care and service occupations,Animal caretakers,
446,Personal care and service occupations,Gambling dealers,
447,Personal care and service occupations,Gambling and sports book writers and runners,
448,Personal care and service occupations,Gambling service workers all other,
449,Personal care and service occupations,Motion picture projectionists,
450,Personal care and service occupations,Ushers lobby attendants and ticket takers,
451,Personal care and service occupations,Amusement and recreation attendants,
452,Personal care and service occupations,Costume attendants,
453,Personal care and service occupations,Locker room coatroom and dressing room attendants,
454,Personal care and service occupations,Entertainment attendants and related workers all other,
455,Personal care and service occupations,Embalmers,
456,Personal care and service occupations,Crematory operators,
457,Personal care and service occupations,Funeral attendants,
458,Personal care and service occupations,Morticians undertakers and funeral arrangers,
459,Personal care and service occupations,Barbers,
460,Personal care and service occupations,Hairdressers hairstylists and cosmetologists,
461,Personal care and service occupations,Makeup artists theatrical and performance,
462,Personal care and service occupations,Manicurists and pedicurists,
463,Personal care and service occupations,Shampooers,
464,Personal care and service occupations,Skincare specialists,
465,Personal care and service occupations,Baggage porters and bellhops,
466,Personal care and service occupations,Concierges,
467,Personal care and service occupations,Tour and travel guides,
468,Personal care and service occupations,Childcare workers,
469,Personal care and service occupations,Exercise trainers and group fitness instructors,
470,Personal care and service occupations,Recreation workers,
471,Personal care and service occupations,Residential advisors,
472,Personal care and service occupations,Personal care and service workers all other,
473,Sales and related occupations,First-line supervisors of retail sales workers,
474,Sales and related occupations,First-line supervisors of non-retail sales workers,
475,Sales and related occupations,Cashiers,
476,Sales and related occupations,Gambling change persons and booth cashiers,
477,Sales and related occupations,Counter and rental clerks,
478,Sales and related occupations,Parts salespersons,
479,Sales and related occupations,Retail salespersons,
480,Sales and related occupations,Advertising sales agents,
481,Sales and related occupations,Insurance sales agents,
482,Sales and related occupations,Securities commodities and financial services sales agents,
483,Sales and related occupations,Travel agents,
484,Sales and related occupations,Sales representatives of services except advertising insurance financial services and travel,
485,Sales and related occupations,Sales representatives wholesale and manufacturing technical and scientific products,
486,Sales and related occupations,Sales representatives wholesale and manufacturing except technical and scientific products,
487,Sales and related occupations,Demonstrators and product promoters,
488,Sales and related occupations,Models,
489,Sales and related occupations,Real estate brokers,
490,Sales and related occupations,Real estate sales agents,
491,Sales and related occupations,Sales engineers,
492,Sales and related occupations,Telemarketers,
493,Sales and related occupations,Door-to-door sales workers news and street vendors and related workers,
494,Sales and related occupations,Sales and related workers all other,
495,Office and administrative support occupations,First-line supervisors of office and administrative support workers,
496,Office and administrative support occupations,Switchboard operators including answering service,
497,Office and administrative support occupations,Telephone operators,
498,Office and administrative support occupations,Communications equipment operators all other,
499,Office and administrative support occupations,Bill and account collectors,
500,Office and administrative support occupations,Billing and posting clerks,
501,Office and administrative support occupations,Bookkeeping accounting and auditing clerks,
502,Office and administrative support occupations,Gambling cage workers,
503,Office and administrative support occupations,Payroll and timekeeping clerks,
504,Office and administrative support occupations,Procurement clerks,
505,Office and administrative support occupations,Tellers,
506,Office and administrative support occupations,Financial clerks all other,
507,Office and administrative support occupations,Brokerage clerks,
508,Office and administrative support occupations,Correspondence clerks,
509,Office and administrative support occupations,Court municipal and license clerks,
510,Office and administrative support occupations,Credit authorizers checkers and clerks,
511,Office and administrative support occupations,Customer service representatives,
512,Office and administrative support occupations,Eligibility interviewers government programs,
513,Office and administrative support occupations,File clerks,
514,Office and administrative support occupations,Hotel motel and resort desk clerks,
515,Office and administrative support occupations,Interviewers except eligibility and loan,
516,Office and administrative support occupations,Library assistants clerical,
517,Office and administrative support occupations,Loan interviewers and clerks,
518,Office and administrative support occupations,New accounts clerks,
519,Office and administrative support occupations,Order clerks,
520,Office and administrative support occupations,Human resources assistants except payroll and timekeeping,
521,Office and administrative support occupations,Receptionists and information clerks,
522,Office and administrative support occupations,Reservation and transportation ticket agents and travel clerks,
523,Office and administrative support occupations,Information and record clerks all other,
524,Office and administrative support occupations,Cargo and freight agents,
525,Office and administrative support occupations,Couriers and messengers,
526,Office and administrative support occupations,Dispatchers except police fire and ambulance,
527,Office and administrative support occupations,Public safety telecommunicators,
528,Office and administrative support occupations,Meter readers utilities,
529,Office and administrative support occupations,Postal service clerks,
530,Office and administrative support occupations,Postal service mail carriers,
531,Office and administrative support occupations,Postal service mail sorters processors and processing machine operators,
532,Office and administrative support occupations,Production planning and expediting clerks,
533,Office and administrative support occupations,Shipping receiving and inventory clerks,
534,Office and administrative support occupations,Weighers measurers checkers and samplers recordkeeping,
535,Office and administrative support occupations,Executive secretaries and executive administrative assistants,
536,Office and administrative support occupations,Legal secretaries and administrative assistants,
537,Office and administrative support occupations,Medical secretaries and administrative assistants,
538,Office and administrative support occupations,Secretaries and administrative assistants except legal medical and executive,
539,Office and administrative support occupations,Data entry keyers,
540,Office and administrative support occupations,Word processors and typists,
541,Office and administrative support occupations,Desktop publishers,
542,Office and administrative support occupations,Insurance claims and policy processing clerks,
543,Office and administrative support occupations,Mail clerks and mail machine operators except postal service,
544,Office and administrative support occupations,Office clerks general,
545,Office and administrative support occupations,Office machine operators except computer,
546,Office and administrative support occupations,Proofreaders and copy markers,
547,Office and administrative support occupations,Statistical assistants,
548,Office and administrative support occupations,Office and administrative support workers all other,
549,Farming fishing and forestry occupations,First-line supervisors of farming fishing and forestry workers,
550,Farming fishing and forestry occupations,Agricultural inspectors,
551,Farming fishing and forestry occupations,Animal breeders,
552,Farming fishing and forestry occupations,Graders and sorters agricultural products,
553,Farming fishing and forestry occupations,Agricultural equipment operators,
554,Farming fishing and forestry occupations,Farmworkers and laborers crop nursery and greenhouse,
555,Farming fishing and forestry occupations,Farmworkers farm ranch and aquacultural animals,
556,Farming fishing and forestry occupations,Agricultural workers all other,
557,Farming fishing and forestry occupations,Forest and conservation workers,
558,Farming fishing and forestry occupations,Fallers,
559,Farming fishing and forestry occupations,Logging equipment operators,
560,Farming fishing and forestry occupations,Log graders and scalers,
561,Farming fishing and forestry occupations,Logging workers all other,
562,Construction and extraction occupations,First-line supervisors of construction trades and extraction workers,
563,Construction and extraction occupations,Boilermakers,
564,Construction and extraction occupations,Brickmasons and blockmasons,
565,Construction and extraction occupations,Stonemasons,
566,Construction and extraction occupations,Carpenters,
567,Construction and extraction occupations,Carpet installers,
568,Construction and extraction occupations,Floor layers except carpet wood and hard tiles,
569,Construction and extraction occupations,Floor sanders and finishers,
570,Construction and extraction occupations,Tile and stone setters,
571,Construction and extraction occupations,Cement masons and concrete finishers,
572,Construction and extraction occupations,Terrazzo workers and finishers,
573,Construction and extraction occupations,Construction laborers,
574,Construction and extraction occupations,Paving surfacing and tamping equipment operators,
575,Construction and extraction occupations,Pile driver operators,
576,Construction and extraction occupations,Operating engineers and other construction equipment operators,
577,Construction and extraction occupations,Drywall and ceiling tile installers,
578,Construction and extraction occupations,Tapers,
579,Construction and extraction occupations,Electricians,
580,Construction and extraction occupations,Glaziers,
581,Construction and extraction occupations,Insulation workers floor ceiling and wall,
582,Construction and extraction occupations,Insulation workers mechanical,
583,Construction and extraction occupations, Painters construction and maintenance,
584,Construction and extraction occupations,Paperhangers,
585,Construction and extraction occupations,Pipelayers,
586,Construction and extraction occupations,Plumbers pipefitters and steamfitters,
587,Construction and extraction occupations,Plasterers and stucco masons,
588,Construction and extraction occupations,Reinforcing iron and rebar workers,
589,Construction and extraction occupations,Roofers,
590,Construction and extraction occupations,Sheet metal workers,
591,Construction and extraction occupations,Structural iron and steel workers,
592,Construction and extraction occupations,Solar photovoltaic installers,
593,Construction and extraction occupations,Helpers brickmasons blockmasons stonemasons and tile and marble setters,
594,Construction and extraction occupations,Helpers carpenters,
595,Construction and extraction occupations,Helpers electricians,
596,Construction and extraction occupations,Helpers painters paperhangers plasterers and stucco masons,
597,Construction and extraction occupations,Helpers pipelayers plumbers pipefitters and steamfitters,
598,Construction and extraction occupations,Helpers roofers,
599,Construction and extraction occupations,Helpers construction trades all other,
600,Construction and extraction occupations,Construction and building inspectors,
601,Construction and extraction occupations,Elevator and escalator installers and repairers,
602,Construction and extraction occupations,Fence erectors,
603,Construction and extraction occupations,Hazardous materials removal workers,
604,Construction and extraction occupations,Highway maintenance workers,
605,Construction and extraction occupations,Rail-track laying and maintenance equipment operators,
606,Construction and extraction occupations,Septic tank servicers and sewer pipe cleaners,
607,Construction and extraction occupations,Construction and related workers all other,
608,Construction and extraction occupations,Derrick operators oil and gas,
609,Construction and extraction occupations,Rotary drill operators oil and gas,
610,Construction and extraction occupations,Service unit operators oil and gas,
611,Construction and extraction occupations,Excavating and loading machine and dragline operators surface mining,
612,Construction and extraction occupations,Earth drillers except oil and gas,
613,Construction and extraction occupations,Explosives workers ordnance handling experts and blasters,
614,Construction and extraction occupations,Continuous mining machine operators,
615,Construction and extraction occupations,Roof bolters mining,
616,Construction and extraction occupations,Loading and moving machine operators underground mining,
617,Construction and extraction occupations,Underground mining machine operators all other,
618,Construction and extraction occupations,Rock splitters quarry,
619,Construction and extraction occupations,Roustabouts oil and gas,
620,Construction and extraction occupations,Helpers extraction workers,
621,Construction and extraction occupations,Extraction workers all other,
622,Installation maintenance and repair occupations,First-line supervisors of mechanics installers and repairers,
623,Installation maintenance and repair occupations,Computer automated teller and office machine repairers,
624,Installation maintenance and repair occupations,Radio cellular and tower equipment installers and repairers,
625,Installation maintenance and repair occupations,Telecommunications equipment installers and repairers except line installers,
626,Installation maintenance and repair occupations,Avionics technicians,
627,Installation maintenance and repair occupations,Electric motor power tool and related repairers,
628,Installation maintenance and repair occupations,Electrical and electronics installers and repairers transportation equipment,
629,Installation maintenance and repair occupations,Electrical and electronics repairers commercial and industrial equipment,
630,Installation maintenance and repair occupations,Electrical and electronics repairers powerhouse substation and relay,
631,Installation maintenance and repair occupations,Electronic equipment installers and repairers motor vehicles,
632,Installation maintenance and repair occupations,Audiovisual equipment installers and repairers,
633,Installation maintenance and repair occupations,Security and fire alarm systems installers,
634,Installation maintenance and repair occupations,Aircraft mechanics and service technicians,
635,Installation maintenance and repair occupations,Automotive body and related repairers,
636,Installation maintenance and repair occupations,Automotive glass installers and repairers,
637,Installation maintenance and repair occupations,Automotive service technicians and mechanics,
638,Installation maintenance and repair occupations,Bus and truck mechanics and diesel engine specialists,
639,Installation maintenance and repair occupations,Farm equipment mechanics and service technicians,
640,Installation maintenance and repair occupations,Mobile heavy equipment mechanics except engines,
641,Installation maintenance and repair occupations,Rail car repairers,
642,Installation maintenance and repair occupations,Motorboat mechanics and service technicians,
643,Installation maintenance and repair occupations,Motorcycle mechanics,
644,Installation maintenance and repair occupations,Outdoor power equipment and other small engine mechanics,
645,Installation maintenance and repair occupations,Bicycle repairers,
646,Installation maintenance and repair occupations,Recreational vehicle service technicians,
647,Installation maintenance and repair occupations,Tire repairers and changers,
648,Installation maintenance and repair occupations,Control and valve installers and repairers except mechanical door,
649,Installation maintenance and repair occupations,Mechanical door repairers,
650,Installation maintenance and repair occupations,Heating air conditioning and refrigeration mechanics and installers,
651,Installation maintenance and repair occupations,Home appliance repairers,
652,Installation maintenance and repair occupations,Industrial machinery mechanics,
653,Installation maintenance and repair occupations,Maintenance workers machinery,
654,Installation maintenance and repair occupations,Millwrights,
655,Installation maintenance and repair occupations,Refractory materials repairers except brickmasons,
656,Installation maintenance and repair occupations,Electrical power-line installers and repairers,
657,Installation maintenance and repair occupations,Telecommunications line installers and repairers,
658,Installation maintenance and repair occupations,Camera and photographic equipment repairers,
659,Installation maintenance and repair occupations,Medical equipment repairers,
660,Installation maintenance and repair occupations,Musical instrument repairers and tuners,
661,Installation maintenance and repair occupations,Watch and clock repairers,
662,Installation maintenance and repair occupations,Precision instrument and equipment repairers all other,
663,Installation maintenance and repair occupations,Maintenance and repair workers general,
664,Installation maintenance and repair occupations,Wind turbine service technicians,
665,Installation maintenance and repair occupations,Coin vending and amusement machine servicers and repairers,
666,Installation maintenance and repair occupations,Commercial divers,
667,Installation maintenance and repair occupations,Locksmiths and safe repairers,
668,Installation maintenance and repair occupations,Manufactured building and mobile home installers,
669,Installation maintenance and repair occupations,Riggers,
670,Installation maintenance and repair occupations,Signal and track switch repairers,
671,Installation maintenance and repair occupations,Helpers installation maintenance and repair workers,
672,Installation maintenance and repair occupations,Installation maintenance and repair workers all other,
673,Production occupations,First-line supervisors of production and operating workers,
674,Production occupations,Aircraft structure surfaces rigging and systems assemblers,
675,Production occupations,Coil winders tapers and finishers,
676,Production occupations,Electrical electronic and electromechanical assemblers except coil winders tapers and finishers,
677,Production occupations,Engine and other machine assemblers,
678,Production occupations,Structural metal fabricators and fitters,
679,Production occupations,Fiberglass laminators and fabricators,
680,Production occupations,Timing device assemblers and adjusters,
681,Production occupations,Miscellaneous assemblers and fabricators,
682,Production occupations,Bakers,
683,Production occupations,Butchers and meat cutters,
684,Production occupations,Meat poultry and fish cutters and trimmers,
685,Production occupations,Slaughterers and meat packers,
686,Production occupations,Food and tobacco roasting baking and drying machine operators and tenders,
687,Production occupations,Food batchmakers,
688,Production occupations,Food cooking machine operators and tenders,
689,Production occupations,Food processing workers all other,
690,Production occupations,Extruding and drawing machine setters operators and tenders metal and plastic,
691,Production occupations,Forging machine setters operators and tenders metal and plastic,
692,Production occupations,Rolling machine setters operators and tenders metal and plastic,
693,Production occupations,Cutting punching and press machine setters operators and tenders metal and plastic,
694,Production occupations,Drilling and boring machine tool setters operators and tenders metal and plastic,
695,Production occupations,Grinding lapping polishing and buffing machine tool setters operators and tenders metal and plastic,
696,Production occupations,Lathe and turning machine tool setters operators and tenders metal and plastic,
697,Production occupations,Milling and planing machine tool setters operators and tenders metal and plastic,
698,Production occupations,Machinists,
699,Production occupations,Metal-refining furnace operators and tenders,
700,Production occupations,Pourers and casters metal,
701,Production occupations,Model makers metal and plastic,
702,Production occupations,Patternmakers metal and plastic,
703,Production occupations,Foundry mold and coremakers,
704,Production occupations,Molding coremaking and casting machine setters operators and tenders metal and plastic,
705,Production occupations,Multiple machine tool setters operators and tenders metal and plastic,
706,Production occupations,Tool and die makers,
707,Production occupations,Welders cutters solderers and brazers,
708,Production occupations,Welding soldering and brazing machine setters operators and tenders,
709,Production occupations,Heat treating equipment setters operators and tenders metal and plastic,
710,Production occupations,Layout workers metal and plastic,
711,Production occupations,Plating machine setters operators and tenders metal and plastic,
712,Production occupations,Tool grinders filers and sharpeners,
713,Production occupations,Metal workers and plastic workers all other,
714,Production occupations,Prepress technicians and workers,
715,Production occupations,Printing press operators,
716,Production occupations,Print binding and finishing workers,
717,Production occupations,Laundry and dry-cleaning workers,
718,Production occupations,Pressers textile garment and related materials,
719,Production occupations,Sewing machine operators,
720,Production occupations,Shoe and leather workers and repairers,
721,Production occupations,Shoe machine operators and tenders,
722,Production occupations,Sewers hand,
723,Production occupations,Tailors dressmakers and custom sewers,
724,Production occupations,Textile bleaching and dyeing machine operators and tenders,
725,Production occupations,Textile cutting machine setters operators and tenders,
726,Production occupations,Textile knitting and weaving machine setters operators and tenders,
727,Production occupations,Textile winding twisting and drawing out machine setters operators and tenders,
728,Production occupations,Extruding and forming machine setters operators and tenders synthetic and glass fibers,
729,Production occupations, Fabric and apparel patternmakers,
730,Production occupations,Upholsterers,
731,Production occupations,Textile apparel and furnishings workers all other,
732,Production occupations,Cabinetmakers and bench carpenters,
733,Production occupations,Furniture finishers,
734,Production occupations,Model makers wood,
735,Production occupations,Patternmakers wood,
736,Production occupations,Sawing machine setters operators and tenders wood,
737,Production occupations,Woodworking machine setters operators and tenders except sawing,
738,Production occupations,Woodworkers all other,
739,Production occupations,Nuclear power reactor operators,
740,Production occupations,Power distributors and dispatchers,
741,Production occupations,Power plant operators,
742,Production occupations,Stationary engineers and boiler operators,
743,Production occupations,Water and wastewater treatment plant and system operators,
744,Production occupations,Chemical plant and system operators,
745,Production occupations,Gas plant operators,
746,Production occupations,Petroleum pump system operators refinery operators and gaugers,
747,Production occupations,Plant and system operators all other,
748,Production occupations,Chemical equipment operators and tenders,
749,Production occupations,Separating filtering clarifying precipitating and still machine setters operators and tenders,
750,Production occupations,Crushing grinding and polishing machine setters operators and tenders,
751,Production occupations,Grinding and polishing workers hand,
752,Production occupations,Mixing and blending machine setters operators and tenders,
753,Production occupations,Cutters and trimmers hand,
754,Production occupations,Cutting and slicing machine setters operators and tenders,
755,Production occupations,Extruding forming pressing and compacting machine setters operators and tenders,
756,Production occupations,Furnace kiln oven drier and kettle operators and tenders,
757,Production occupations,Inspectors testers sorters samplers and weighers,
758,Production occupations,Jewelers and precious stone and metal workers,
759,Production occupations,Dental laboratory technicians,
760,Production occupations,Medical appliance technicians,
761,Production occupations,Ophthalmic laboratory technicians,
762,Production occupations,Packaging and filling machine operators and tenders,
763,Production occupations,Coating painting and spraying machine setters operators and tenders,
764,Production occupations,Semiconductor processing technicians,
765,Production occupations,Photographic process workers and processing machine operators,
766,Production occupations,Computer numerically controlled tool operators,
767,Production occupations,Computer numerically controlled tool programmers,
768,Production occupations,Adhesive bonding machine operators and tenders,
769,Production occupations,Cleaning washing and metal pickling equipment operators and tenders,
770,Production occupations,Cooling and freezing equipment operators and tenders,
771,Production occupations,Etchers and engravers,
772,Production occupations,Molders shapers and casters except metal and plastic,
773,Production occupations,Paper goods machine setters operators and tenders,
774,Production occupations,Tire builders,
775,Production occupations,Helpers production workers,
776,Production occupations,Production workers all other,
777,Transportation and material moving occupations,First-line supervisors of transportation and material moving workers,
778,Transportation and material moving occupations,Aircraft cargo handling supervisors,
779,Transportation and material moving occupations,Airline pilots copilots and flight engineers,
780,Transportation and material moving occupations,Commercial pilots,
781,Transportation and material moving occupations,Air traffic controllers,
782,Transportation and material moving occupations,Airfield operations specialists,
783,Transportation and material moving occupations,Flight attendants,
784,Transportation and material moving occupations,Ambulance drivers and attendants except emergency medical technicians,
785,Transportation and material moving occupations,Driver/sales workers,
786,Transportation and material moving occupations,Heavy and tractor-trailer truck drivers,
787,Transportation and material moving occupations,Light truck drivers,
788,Transportation and material moving occupations,Bus drivers school,
789,Transportation and material moving occupations,Bus drivers transit and intercity,
790,Transportation and material moving occupations,Shuttle drivers and chauffeurs,
791,Transportation and material moving occupations,Taxi drivers,
792,Transportation and material moving occupations,Motor vehicle operators all other,
793,Transportation and material moving occupations,Locomotive engineers,
794,Transportation and material moving occupations,Rail yard engineers dinkey operators and hostlers,
795,Transportation and material moving occupations,Railroad brake signal and switch operators and locomotive firers,
796,Transportation and material moving occupations,Railroad conductors and yardmasters,
797,Transportation and material moving occupations,Subway and streetcar operators,
798,Transportation and material moving occupations,Rail transportation workers all other,
799,Transportation and material moving occupations,Sailors and marine oilers,
800,Transportation and material moving occupations,Captains mates and pilots of water vessels,
801,Transportation and material moving occupations,Motorboat operators,
802,Transportation and material moving occupations,Ship engineers,
803,Transportation and material moving occupations,Bridge and lock tenders,
804,Transportation and material moving occupations,Parking attendants,
805,Transportation and material moving occupations,Automotive and watercraft service attendants,
806,Transportation and material moving occupations,Aircraft service attendants,
807,Transportation and material moving occupations,Traffic technicians,
808,Transportation and material moving occupations,Transportation inspectors,
809,Transportation and material moving occupations,Passenger attendants,
810,Transportation and material moving occupations,Transportation workers all other,
811,Transportation and material moving occupations,Conveyor operators and tenders,
812,Transportation and material moving occupations,Crane and tower operators,
813,Transportation and material moving occupations,Dredge operators,
814,Transportation and material moving occupations,Hoist and winch operators,
815,Transportation and material moving occupations,Industrial truck and tractor operators,
816,Transportation and material moving occupations,Cleaners of vehicles and equipment,
817,Transportation and material moving occupations,Laborers and freight stock and material movers hand,
818,Transportation and material moving occupations,Machine feeders and offbearers,
819,Transportation and material moving occupations,Packers and packagers hand,
820,Transportation and material moving occupations,Stockers and order fillers,
821,Transportation and material moving occupations,Gas compressor and gas pumping station operators,
822,Transportation and material moving occupations,Pump operators except wellhead pumpers,
823,Transportation and material moving occupations,Wellhead pumpers,
824,Transportation and material moving occupations,Refuse and recyclable material collectors,
825,Transportation and material moving occupations,Tank car truck and ship loaders,
826,Transportation and material moving occupations,Material moving workers all other
